"“lost generation”, Warren G. Harding, Henry Ford, Sacco and Vanzetti, Marcus Garvey",1920s
"Agricultural Adjustment Act, Congress of Industrial Organizations, brain trust, Huey Long-Kingfish, Smoot-Hawley Tariff",1930s
"Alger Hiss, NSC 68, NATO, Potsdam Conference, Henry Wallace",1940s
"American Colonization Society, Missouri Compromise, Era of Good Feelings, Tariff of Abominations, South Carolina Exposition",1820s
"American Federation of Labor, Dawes Act, Alfred Thayer Mahan, horizontal/vertical integration, Haymarket Square Incident",1880s
"baby boomers, Sputnik, beat generation, Brown v. Board of Education, Julius and Ethel Rosenberg",1950s
"bank holiday, National Recovery Administration, destroyer deal, Scottsboro boys, Wagner Act",1930s
"Bank of the United States, Virginia-Kentucky Resolutions, XYZ Affair, Whiskey Rebellion, Jay Treaty",1790s
"Bank War, spoils system, Second Great Awakening, Transcendentalism, gag rule",1830s
"Battle of Saratoga, Thomas Paine/Common Sense, Coercive/Intolerable Acts, Olive Branch Petition, Boston Tea Party",1770s
"Bay of Pigs, Malcolm X, War on Poverty, Warren Commission, Ralph Nader (Unsafe at Any Speed)",1960s
"Bland-Allison Act, Thomas Nast, Henry George (Progress and Poverty), Munn v. Illinois, “Crime of “73",1870s
"Boxer Rebellion, Coxey’s Army, Teller Amendment, Wounded Knee :",1890s
"Chataugua movement, Freedmen’s Bureau, Battle of Little Big Horn, “waving the bloody shirt”, Boss Tweed",1870s
"JFK debates, Freedom Summer, Greensboro sit-ins, U-2 incident,",1960s
"""Committee on Public Information, League of Nations, Federal Reserve System, International Workers of the World, 16"""", 17"""", and 18"""" Amendments""",1910s
"Connecticut (Great Compromise), Virginia/New Jersey Plans, Barbary Pirates, Treaty of Paris",1780s
"Creel Committee, Henry Cabot Lodge, “Birth of a Nation”/D.W. Griffith",1910s
"Cult of domesticity/true womanhood, Manifest Destiny, James K. Polk, Lucretia Mott",1840s
"Dred Scott v. Sanford, Fugitive Slave Law, Gadsden Purchase, bleeding Kansas, Sumner-Brooks Affair",1850s
"Emancipation Proclamation, Trent Affair, Homestead Act, Battle of Antietam, Crittenden Compromise",1860s
"F. Scott Fitzgerald, quota system, Harlem Renaissance, Washington Naval Conference",1920s
"Fair Deal, Japanese internment, Truman Doctrine, Yalta Conference, Taft-Hartley Act",1940s
"Fair Labor Standards Act, New Deal, Bonus March, 218 Amendment",1940s
"Federal Highway Act, Montgomery bus boycott, Eisenhower Doctrine, Korean War, Alan Ginsberg",1950s
"Freeport Doctrine, Clayton-Bulwer Treaty, Lincoln Douglas Debates, Uncle Tom's Cabin",1850s
"French and Indian War, Albany Plan, mercantilism, salutary neglect, William Pitt",1760s
"Georgis O’Keeffe, “return to normalcy”, “Back to Africa” movement, Albert Fall",1920s
"Stephen Douglas, popular sovereignty, Ostend Manifesto, Lecompton Constitution",1850s
"hundred days, America First Committee, Elijah Mohammad (Black Muslims), Keynesian economics, National Labor Relations Act",1930s
"Insular Cases, “good and bad trusts”, Great White Fleet, Square Deal, Hepburn Act",1900s
"Jackie Robinson, GI Bill of Rights, Berlin Airlift, Marshall Plan, San Francisco Conference",1940s
"Jacob Riis, Northern Securities Case, Robert LaFollette, Meat Inspection Act",1900s
"Jimmy Carter, Watergate, Roe v. Wade, affirmative action, Gerald Ford",1970s
"John C. Calhoun, abolitionists, Charles River Bridge case, DeTocqueville/Democracy in America, removal of deposits from BUS",1830s
"Kellogg-Briand Pact, Herbert Hoover, H.L. Menken, Charles Lindbergh, Scopes trial",1920s
"Know-Nothings, Kansas-Nebraska Act, Republican Party, antebellum, Underground Railroad",1850s
"Langston Hughes, Andrew Mellon, National Origins Act, Ku Klux Klan, Calvin Coolidge",1920s
"Lewis and Clark, Orders in Council, Gabriel Prosser’s Rebellion, Judicial Review",1800s
"Little Rock School crisis, National Defense Education Act, dynamic conservatism, Jack Kerouac/On the Road",1950s
"Loose/strict constructionism, cotton gin/Eli Whitney, Citizen Genet, Bill of Rights, Alien and Sedition Acts",1790s
"The Gulf War, Nelson Mandela, Bill Clinton, Contract with America, Ross Perot",1990s
"Monroe Doctrine, corrupt bargain, Erie Canal, Lowell/Walthan System, Gibbons v. Ogden",1820s
"""Morrill Land Grant Act, National Banking Act, 13"""", 14"""", and 15 Amendments, Radical Reconstruction .""",1860s
"National Industrial Recovery Act, Federal Deposit Insurance Corporation, Tennessee Valley Authority TVA, Franklin Roosevelt, bonus march",1930s
"New immigrants, Plessy v. Ferguson, Joseph Pulitzer, Populist (people’s) Party, Turner (Frontier) Thesis",1890s
"New Nationalism, Mann-Elkins Act, “Black Jack” John Pershing, New Freedom",1910s
"open range, Interstate Commerce Act, Andrew Carnegie, John D. Rockefeller, mugwumps",1880s
"Oregon Territory, John Slidell, Commonwealth v. Hunt, Horace Mann, Webster-Ashburton Treaty",1840s
"Palmer Raids, Schenck v. U.S., Clayton Anti-trust Act, Keating Owen Child Labor Act, preparedness",1910s
"Panama Canal, W.E.B. DuBois (Niagara Movement), Dollar Diplomacy, Open Door Policy, Roosevelt Corollary",1900s
"Peace Corps, Betty Friedan/The Feminine Mystique, Gulf of Tonkin Resolution, Stokely Carmichael (Black Power), Great Society",1960s
"Pendleton (Civil Service) Act, Samuel Gompers, Gilded Age, Farmer’s Alliance, Chinese Exclusion Act",1880s
" Peter Zenger trial, Great Awakening, James Oglethorpe, George Whitefield, Jonathan Edwards",1700-1750
"Platt amendment, Louis Sullivan, Progressive movement, Russo-Japanese War, Hay-Buneau-Varilla Treaty",1900s
"Salvation Army, John Dewey, Edward Bellamy/Looking Backward",1880s
"Mexican American War, Mormons, free soilers, American Anti-slavery Society",1840s
"Quatering Act, Stamp Act, Paxton Boys, Sugar Act, “no taxation without representation”",1760s
"SALT I Treaty, hippies, Camp David Accords, Bakke v. Board of Regents",1970s
" Pilgrims/Separatists, Anne Hutchinson, headright system, city on a hill, Roger Williams",1600-1650
"Samuel Slater, Pinckney Treaty, full funding/assumption, Federalist/First Two-Party System",1790s
"""Securities and Exchange Commission, Neutrality Acts, court packing scheme, """"share the wealth”, Indian Reorganization Act""",1930s
"Seneca Falls Convention, Treaty of Guadalupe-Hildalgo, Wilmot Proviso, Irish immigration",1840s
"Ralph Bunche, George Kennan, United Nations, Korematsu v. U.S.",1940s
"settlement house movement, William Jennings Bryan, Atlanta Compromise, jingoism, Sherman Silver Purchase Act",1890s
"Shay’s Rebellion, Northwest Ordinance, Three-fifths Compromise, Articles of Confederation, Annapolis Convention",1780s
"Social Gospel, Knights of Labor, Jim Crow Laws, A Century of Dishonor, social Darwinism",1880s
"Spanish-American War, Booker T. Washington, Gospel of Wealth, yellow journalism,",1890s
"spheres of influence, Big Stick Policy, Lochner v. New York, muckrakers, Gentlemen’s Agreement",1900s
"Stamp Act Congress, Sons of Liberty, non-importation agreements, Pontiac’s Rebellion, Townshend Acts",1760s
"supply-side economics, Iran-Contra, Geraldine Ferraro, Oliver North, “evil empire”",1980s
"Tea Act, Boston Massacre, Gaspee Affair, First/Second Continental Congress",1780s
"the Grange, Credit Mobilier Scandal, long drives, Horatio Alger, Chief Joseph",1870s
"Theodore Roosevelt, Upton Sinclair/The Jungle, Emilio Aguinaldo, Pure Food and Drug Act, Anthracite Coal Strike",1910s
" Trade and Navigation Acts, Bacon’s Rebellion, King Philip’s War, salutary neglect, halfway covenant",1650-1700
"Trail of Tears, Dorothea Dix, nullification, William Lloyd Garrison/Liberator, Worcester v. Georgia",1830s
"Treaty of Ghent, Hartford Convention, Adams-Onis Treaty, War Hawks, American System",1810s
"Treaty of Versailles, Federal Trade Commission, irreconcilables, Ballenger-Pinchot Affair",1910s
"Sussex/Arabic Pledges, Zimmerman Note, Food Administration",1910s
"Underwood-Simmons Tariff, Bull Moose Party, Federal Reserve Act, “he kept us out of the was”, Triangle Shirtwaist fire",1910s
"Volstead Act, Woodrow Wilson, Fourteen Points,",1910s
"Voting Rights Act, Barry Goldwater, Rachel Carson/Silent Spring, Cuban Missile Crisis, Vietnamization",1960s
"War Powers Act, Equal Rights Amendment, OPEC, Kent State, Helsinki Accords",1970s
"Whig Party, Force Act, Independent Treasury, Specie Circular",1830s
"William Randolph Hearst, Pullman Strike, J.P. Morgan, Cross of Gold Speech, Plessy v. Ferguson",1890s
"Works Progress Administration WPA, cash and carry, sit-down strike, John Steinbeck/Grapes of Wrath, Social Security",1930s
"indentured servants, Mayflower Compact, Roger Williams, House of Burgesses",1600-1650
"Seward’s Folly, sharecropping, Tenure of Office Act, scalawags, redeemers",1860s
