“lost generation”,1920s,
Warren G. Harding,1920s,
Henry Ford,1920s,
Sacco and Vanzetti,1920s,
Agricultural Adjustment Act,1930s,
Congress of Industrial Organizations,1930s,
brain trust,1930s,
Huey Long-Kingfish,1930s,
Alger Hiss,1940s,
NSC 68,1940s,
NATO,1940s,
Potsdam Conference,1940s,
American Colonization Society,1820s,
Missouri Compromise,1820s,
Era of Good Feelings,1820s,
Tariff of Abominations,1820s,
American Federation of Labor,1880s,
Dawes Act,1880s,
Alfred Thayer Mahan,1880s,
horizontal/vertical integration,1880s,
baby boomers,1950s,
Sputnik,1950s,
beat generation,1950s,
Brown v. Board of Education,1950s,
bank holiday,1930s,
National Recovery Administration,1930s,
destroyer deal,1930s,
Scottsboro boys,1930s,
Bank of the United States,1790s,
Virginia-Kentucky Resolutions,1790s,
XYZ Affair,1790s,
Whiskey Rebellion,1790s,
Bank War,1830s,
spoils system,1830s,
Second Great Awakening,1830s,
Transcendentalism,1830s,
Battle of Saratoga,1770s,
Thomas Paine/Common Sense,1770s,
Coercive/Intolerable Acts,1770s,
Olive Branch Petition,1770s,
Bay of Pigs,1960s,
Malcolm X,1960s,
War on Poverty,1960s,
Warren Commission,1960s,
Bland-Allison Act,1870s,
Thomas Nast,1870s,
Henry George (Progress and Poverty),1870s,
Munn v. Illinois,1870s,
Boxer Rebellion,1890s,
Coxey’s Army,1890s,
Teller Amendment,1890s,
Chataugua movement,1870s,
Freedmen’s Bureau,1870s,
Battle of Little Big Horn,1870s,
“waving the bloody shirt”,1870s,
JFK debates,1960s,
Freedom Summer,1960s,
Greensboro sit-ins,1960s,
U-2 incident,1960s,
Committee on Public Information,1910s,
League of Nations,1910s,
Federal Reserve System,1910s,
International Workers of the World,1910s,
"""16""""""",1910s,
"""17""""""",1910s,
Connecticut (Great Compromise),1780s,
Virginia/New Jersey Plans,1780s,
Barbary Pirates,1780s,
Creel Committee,1910s,
Henry Cabot Lodge,1910s,
Cult of domesticity/true womanhood,1840s,
Manifest Destiny,1840s,
James K. Polk,1840s,
Dred Scott v. Sanford,1850s,
Fugitive Slave Law,1850s,
Gadsden Purchase,1850s,
bleeding Kansas,1850s,
Emancipation Proclamation,1860s,
Trent Affair,1860s,
Homestead Act,1860s,
Battle of Antietam,1860s,
F. Scott Fitzgerald,1920s,
quota system,1920s,
Harlem Renaissance,1920s,
Fair Deal,1940s,
Japanese internment,1940s,
Truman Doctrine,1940s,
Yalta Conference,1940s,
Fair Labor Standards Act,1940s,
New Deal,1940s,
Bonus March,1940s,
Federal Highway Act,1950s,
Montgomery bus boycott,1950s,
Eisenhower Doctrine,1950s,
Korean War,1950s,
Freeport Doctrine,1850s,
Clayton-Bulwer Treaty,1850s,
Lincoln Douglas Debates,1850s,
French and Indian War,1760s,
Albany Plan,1760s,
mercantilism,1760s,
salutary neglect,1760s,
Georgis O’Keeffe,1920s,
“return to normalcy”,1920s,
“Back to Africa” movement,1920s,
Stephen Douglas,1850s,
popular sovereignty,1850s,
Ostend Manifesto,1850s,
hundred days,1930s,
America First Committee,1930s,
Elijah Mohammad (Black Muslims),1930s,
Keynesian economics,1930s,
Insular Cases,1900s,
“good and bad trusts”,1900s,
Great White Fleet,1900s,
Square Deal,1900s,
Jackie Robinson,1940s,
GI Bill of Rights,1940s,
Berlin Airlift,1940s,
Marshall Plan,1940s,
Jacob Riis,1900s,
Northern Securities Case,1900s,
Robert LaFollette,1900s,
Jimmy Carter,1970s,
Watergate,1970s,
Roe v. Wade,1970s,
affirmative action,1970s,
John C. Calhoun,1830s,
abolitionists,1830s,
Charles River Bridge case,1830s,
DeTocqueville/Democracy in America,1830s,
Kellogg-Briand Pact,1920s,
Herbert Hoover,1920s,
H.L. Menken,1920s,
Charles Lindbergh,1920s,
Know-Nothings,1850s,
Kansas-Nebraska Act,1850s,
Republican Party,1850s,
antebellum,1850s,
Langston Hughes,1920s,
Andrew Mellon,1920s,
National Origins Act,1920s,
Ku Klux Klan,1920s,
Lewis and Clark,1800s,
Orders in Council,1800s,
Gabriel Prosser’s Rebellion,1800s,
Little Rock School crisis,1950s,
National Defense Education Act,1950s,
dynamic conservatism,1950s,
Loose/strict constructionism,1790s,
cotton gin/Eli Whitney,1790s,
Citizen Genet,1790s,
Bill of Rights,1790s,
The Gulf War,1990s,
Nelson Mandela,1990s,
Bill Clinton,1990s,
Contract with America,1990s,
Monroe Doctrine,1820s,
corrupt bargain,1820s,
Erie Canal,1820s,
Lowell/Walthan System,1820s,
Morrill Land Grant Act,1860s,
National Banking Act,1860s,
"""13""""""",1860s,
"""14""""""",1860s,
and 15 Amendments,1860s,
National Industrial Recovery Act,1930s,
Federal Deposit Insurance Corporation,1930s,
Tennessee Valley Authority TVA,1930s,
Franklin Roosevelt,1930s,
New immigrants,1890s,
Plessy v. Ferguson,1890s,
Joseph Pulitzer,1890s,
Populist (people’s) Party,1890s,
New Nationalism,1910s,
Mann-Elkins Act,1910s,
“Black Jack” John Pershing,1910s,
open range,1880s,
Interstate Commerce Act,1880s,
Andrew Carnegie,1880s,
John D. Rockefeller,1880s,
Oregon Territory,1840s,
John Slidell,1840s,
Commonwealth v. Hunt,1840s,
Horace Mann,1840s,
Palmer Raids,1910s,
Schenck v. U.S.,1910s,
Clayton Anti-trust Act,1910s,
Keating Owen Child Labor Act,1910s,
Panama Canal,1900s,
W.E.B. DuBois (Niagara Movement),1900s,
Dollar Diplomacy,1900s,
Open Door Policy,1900s,
Peace Corps,1960s,
Betty Friedan/The Feminine Mystique,1960s,
Gulf of Tonkin Resolution,1960s,
Stokely Carmichael (Black Power),1960s,
Pendleton (Civil Service) Act,1880s,
Samuel Gompers,1880s,
Gilded Age,1880s,
Farmer’s Alliance,1880s,
Peter Zenger trial,1700-1750,
Great Awakening,1700-1750,
James Oglethorpe,1700-1750,
George Whitefield,1700-1750,
Platt amendment,1900s,
Louis Sullivan,1900s,
Progressive movement,1900s,
Russo-Japanese War,1900s,
Salvation Army,1880s,
John Dewey,1880s,
Mexican American War,1840s,
Mormons,1840s,
free soilers,1840s,
Quatering Act,1760s,
Stamp Act,1760s,
Paxton Boys,1760s,
Sugar Act,1760s,
SALT I Treaty,1970s,
hippies,1970s,
Camp David Accords,1970s,
Pilgrims/Separatists,1600-1650,
Anne Hutchinson,1600-1650,
headright system,1600-1650,
city on a hill,1600-1650,
Samuel Slater,1790s,
Pinckney Treaty,1790s,
full funding/assumption,1790s,
Securities and Exchange Commission,1930s,
Neutrality Acts,1930s,
court packing scheme,1930s,
"""""""share the wealth”""",1930s,
Seneca Falls Convention,1840s,
Treaty of Guadalupe-Hildalgo,1840s,
Wilmot Proviso,1840s,
Ralph Bunche,1940s,
George Kennan,1940s,
United Nations,1940s,
settlement house movement,1890s,
William Jennings Bryan,1890s,
Atlanta Compromise,1890s,
jingoism,1890s,
Shay’s Rebellion,1780s,
Northwest Ordinance,1780s,
Three-fifths Compromise,1780s,
Articles of Confederation,1780s,
Social Gospel,1880s,
Knights of Labor,1880s,
Jim Crow Laws,1880s,
A Century of Dishonor,1880s,
Spanish-American War,1890s,
Booker T. Washington,1890s,
Gospel of Wealth,1890s,
yellow journalism,1890s,
spheres of influence,1900s,
Big Stick Policy,1900s,
Lochner v. New York,1900s,
muckrakers,1900s,
Stamp Act Congress,1760s,
Sons of Liberty,1760s,
non-importation agreements,1760s,
Pontiac’s Rebellion,1760s,
supply-side economics,1980s,
Iran-Contra,1980s,
Geraldine Ferraro,1980s,
Oliver North,1980s,
Tea Act,1780s,
Boston Massacre,1780s,
Gaspee Affair,1780s,
the Grange,1870s,
Credit Mobilier Scandal,1870s,
long drives,1870s,
Horatio Alger,1870s,
Theodore Roosevelt,1910s,
Upton Sinclair/The Jungle,1910s,
Emilio Aguinaldo,1910s,
Pure Food and Drug Act,1910s,
Trade and Navigation Acts,1650-1700,
Bacon’s Rebellion,1650-1700,
King Philip’s War,1650-1700,
salutary neglect,1650-1700,
Trail of Tears,1830s,
Dorothea Dix,1830s,
nullification,1830s,
William Lloyd Garrison/Liberator,1830s,
Treaty of Ghent,1810s,
Hartford Convention,1810s,
Adams-Onis Treaty,1810s,
War Hawks,1810s,
Treaty of Versailles,1910s,
Federal Trade Commission,1910s,
irreconcilables,1910s,
Sussex/Arabic Pledges,1910s,
Zimmerman Note,1910s,
Underwood-Simmons Tariff,1910s,
Bull Moose Party,1910s,
Federal Reserve Act,1910s,
“he kept us out of the was”,1910s,
Volstead Act,1910s,
Woodrow Wilson,1910s,
Fourteen Points,1910s,
Voting Rights Act,1960s,
Barry Goldwater,1960s,
Rachel Carson/Silent Spring,1960s,
Cuban Missile Crisis,1960s,
War Powers Act,1970s,
Equal Rights Amendment,1970s,
OPEC,1970s,
Kent State,1970s,
Whig Party,1830s,
Force Act,1830s,
Independent Treasury,1830s,
William Randolph Hearst,1890s,
Pullman Strike,1890s,
J.P. Morgan,1890s,
Cross of Gold Speech,1890s,
Works Progress Administration WPA,1930s,
cash and carry,1930s,
sit-down strike,1930s,
John Steinbeck/Grapes of Wrath,1930s,
indentured servants,1600-1650,
Mayflower Compact,1600-1650,
Roger Williams,1600-1650,
Seward’s Folly,1860s,
sharecropping,1860s,
Tenure of Office Act,1860s,
scalawags,1860s,
